schema_path,densenet121_tv_in1k,subcell_saprot_650m
schema_version,1,1
model_category,1,1
bias_model,1,1
bias_output,1,1
framework,1,1
framework_version,1,1
library_name,1,1
pipeline_tag,1,1
language,1,1
base_model,1,1
tags,1,1
datasets,1,1
metrics,1,1
model_details.name,1,1
model_details.short_description,1,1
model_details.overview,1,1
model_details.documentation,1,1
model_details.owners.name,0,0
model_details.owners.contact,0,0
model_details.contributors.name,1,1
model_details.contributors.role,1,1
model_details.contributors.email,0,0
model_details.contributors.orcid,0,0
model_details.contributors.affiliation,1,1
model_details.version.name,1,1
model_details.version.date,1,1
model_details.version.diff,1,1
model_details.version.last_updated,0,0
model_details.version.superseded_by,0,0
model_details.licenses.identifier,1,1
model_details.licenses.custom_text,0,0
model_details.licenses.license_name,1,1
model_details.licenses.license_link,1,1
model_details.references.reference,1,1
model_details.citations.style,1,1
model_details.citations.citation,1,1
model_details.path,1,1
model_parameters.model_architecture,1,1
model_parameters.data.name,1,1
model_parameters.data.description,1,1
model_parameters.data.link,1,1
model_parameters.data.sensitive.sensitive_data,1,1
model_parameters.data.graphics.description,0,0
model_parameters.data.graphics.collection.name,0,0
model_parameters.data.graphics.collection.image,0,0
model_parameters.data.bias_input,1,0
model_parameters.data.unit,0,0
model_parameters.input_format,1,1
model_parameters.input_format_map.key,1,1
model_parameters.input_format_map.value,1,1
model_parameters.output_format,1,1
model_parameters.output_format_map.key,1,1
model_parameters.output_format_map.value,1,1
model_parameters.compute_infrastructure.hardware,0,0
model_parameters.compute_infrastructure.hardware_list,0,0
model_parameters.compute_infrastructure.software,0,0
model_parameters.compute_infrastructure.software_dependencies,0,0
model_parameters.compute_infrastructure.training_speed,0,0
model_parameters.training_procedure.description,0,1
model_parameters.training_procedure.methodology,0,0
model_parameters.training_procedure.reproducibility_info.random_seed,0,0
model_parameters.training_procedure.reproducibility_info.environment_config,0,0
model_parameters.training_procedure.reproducibility_info.pipeline_url,0,0
model_parameters.training_procedure.reproducibility_info.hyperparameters.model_initialization,0,0
model_parameters.training_procedure.reproducibility_info.hyperparameters.optimizer,0,1
model_parameters.training_procedure.reproducibility_info.hyperparameters.loss_function,0,1
model_parameters.training_procedure.reproducibility_info.hyperparameters.stopping_criterion,0,0
model_parameters.training_procedure.reproducibility_info.hyperparameters.training_epochs,0,1
model_parameters.training_procedure.reproducibility_info.hyperparameters.training_steps,0,0
model_parameters.training_procedure.reproducibility_info.hyperparameters.batch_size,0,1
model_parameters.training_procedure.reproducibility_info.hyperparameters.learning_rate,0,1
model_parameters.training_procedure.reproducibility_info.hyperparameters.prompting_template,0,0
model_parameters.training_procedure.reproducibility_info.hyperparameters.optimization_techniques,0,1
model_parameters.training_procedure.reproducibility_info.hyperparameters.fine_tuning_method,0,0
model_parameters.training_procedure.pre_training_info,0,0
model_parameters.training_procedure.training_data_separate,0,0
quantitative_analysis.performance_metrics.type,1,1
quantitative_analysis.performance_metrics.value,1,1
quantitative_analysis.performance_metrics.value_error,0,0
quantitative_analysis.performance_metrics.confidence_interval.lower_bound,0,0
quantitative_analysis.performance_metrics.confidence_interval.upper_bound,0,0
quantitative_analysis.performance_metrics.threshold,0,0
quantitative_analysis.performance_metrics.slice,1,1
quantitative_analysis.performance_metrics.unit,1,1
quantitative_analysis.graphics.description,0,0
quantitative_analysis.graphics.collection.name,0,0
quantitative_analysis.graphics.collection.image,0,0
quantitative_analysis.evaluation_procedure.description,0,0
quantitative_analysis.evaluation_procedure.benchmarks,0,0
quantitative_analysis.evaluation_procedure.baselines,0,0
quantitative_analysis.evaluation_procedure.sota_comparison,0,0
quantitative_analysis.evaluation_procedure.uncertainty_quantification,0,0
quantitative_analysis.evaluation_procedure.evaluation_data_separate,0,0
considerations.users.description,1,1
considerations.use_cases.description,1,1
considerations.limitations.description,1,1
considerations.tradeoffs.description,1,1
considerations.ethical_considerations.name,1,1
considerations.ethical_considerations.mitigation_strategy,1,1
considerations.out_of_scope_uses.description,1,1
model_index.name,0,0
model_index.results.task.type,0,0
model_index.results.task.name,0,0
model_index.results.dataset.type,0,0
model_index.results.dataset.name,0,0
model_index.results.dataset.config,0,0
model_index.results.dataset.split,0,0
model_index.results.dataset.revision,0,0
model_index.results.dataset.args,0,0
model_index.results.metrics.type,0,0
model_index.results.metrics.value,0,0
model_index.results.metrics.name,0,0
model_index.results.metrics.config,0,0
model_index.results.metrics.args,0,0
model_index.results.source.name,0,0
model_index.results.source.url,0,0
mission_relevance.doe_project,0,0
mission_relevance.doe_facility,0,0
mission_relevance.funding_source,0,0
mission_relevance.description,0,0
usage_documentation.installation_instructions,0,0
usage_documentation.training_configuration,0,0
usage_documentation.inference_configuration,0,0
usage_documentation.code_examples.code,0,0
usage_documentation.code_examples.code_language,0,0
usage_documentation.code_examples.description,0,0
